trial_index,arm_name,metric_name,mean,sem,step,job_id,generation_node,status,angularVelocity,nRotorBlades,rotorBladeRadius,rotorBladeHeight,rotorBladeTiltAngle,case_path
0,baseline,BladeDurability,0.00471177,,0.0,2511397,,COMPLETED,25,4,0.01,0.04,9.0,/tmp/data/trials/ThermalMixer_trial_d9d0017f
0,baseline,MixingQuality,1.24526,,0.0,2511397,,COMPLETED,25,4,0.01,0.04,9.0,/tmp/data/trials/ThermalMixer_trial_d9d0017f
0,baseline,PowerConsumption,5.61061e-06,,0.0,2511397,,COMPLETED,25,4,0.01,0.04,9.0,/tmp/data/trials/ThermalMixer_trial_d9d0017f
2,2_0,BladeDurability,0.00402847,,0.0,2512381,Sobol,COMPLETED,20,6,0.01515890896320343,0.04881204724311829,4.684139668941498,/tmp/data/trials/ThermalMixer_trial_7eb1a121
2,2_0,MixingQuality,1.46367,,0.0,2512381,Sobol,COMPLETED,20,6,0.01515890896320343,0.04881204724311829,4.684139668941498,/tmp/data/trials/ThermalMixer_trial_7eb1a121
2,2_0,PowerConsumption,0.000907917,,0.0,2512381,Sobol,COMPLETED,20,6,0.01515890896320343,0.04881204724311829,4.684139668941498,/tmp/data/trials/ThermalMixer_trial_7eb1a121
1,1_0,BladeDurability,0.0042412,,0.0,2512283,CenterOfSearchSpace,COMPLETED,25,5,0.015,0.04,7.0,/tmp/data/trials/ThermalMixer_trial_55289fd4
1,1_0,MixingQuality,1.19344,,0.0,2512283,CenterOfSearchSpace,COMPLETED,25,5,0.015,0.04,7.0,/tmp/data/trials/ThermalMixer_trial_55289fd4
1,1_0,PowerConsumption,-0.00113357,,0.0,2512283,CenterOfSearchSpace,COMPLETED,25,5,0.015,0.04,7.0,/tmp/data/trials/ThermalMixer_trial_55289fd4
4,4_0,BladeDurability,0.0047999,,0.0,2512569,Sobol,COMPLETED,31,5,0.01794742542319,0.04464612698182464,12.553365901112556,/tmp/data/trials/ThermalMixer_trial_7caee8d8
4,4_0,MixingQuality,1.16905,,0.0,2512569,Sobol,COMPLETED,31,5,0.01794742542319,0.04464612698182464,12.553365901112556,/tmp/data/trials/ThermalMixer_trial_7caee8d8
4,4_0,PowerConsumption,0.000639672,,0.0,2512569,Sobol,COMPLETED,31,5,0.01794742542319,0.04464612698182464,12.553365901112556,/tmp/data/trials/ThermalMixer_trial_7caee8d8
3,3_0,BladeDurability,0.00629687,,0.0,2512476,Sobol,COMPLETED,35,3,0.013993544643744827,0.039884342718869446,8.164442878216505,/tmp/data/trials/ThermalMixer_trial_c76927c7
3,3_0,MixingQuality,1.11389,,0.0,2512476,Sobol,COMPLETED,35,3,0.013993544643744827,0.039884342718869446,8.164442878216505,/tmp/data/trials/ThermalMixer_trial_c76927c7
3,3_0,PowerConsumption,0.000901801,,0.0,2512476,Sobol,COMPLETED,35,3,0.013993544643744827,0.039884342718869446,8.164442878216505,/tmp/data/trials/ThermalMixer_trial_c76927c7
6,6_0,BladeDurability,0.00381028,,0.0,2514832,BoTorch,COMPLETED,19,6,0.015977055615867475,0.038558762184729055,6.295442771183013,/tmp/data/trials/ThermalMixer_trial_2cdb9f89
6,6_0,MixingQuality,1.24903,,0.0,2514832,BoTorch,COMPLETED,19,6,0.015977055615867475,0.038558762184729055,6.295442771183013,/tmp/data/trials/ThermalMixer_trial_2cdb9f89
6,6_0,PowerConsumption,0.000917027,,0.0,2514832,BoTorch,COMPLETED,19,6,0.015977055615867475,0.038558762184729055,6.295442771183013,/tmp/data/trials/ThermalMixer_trial_2cdb9f89
5,5_0,BladeDurability,0.00475817,,0.0,2514452,BoTorch,COMPLETED,40,5,0.02,0.04041637332678267,14.0,/tmp/data/trials/ThermalMixer_trial_2109f305
5,5_0,MixingQuality,0.787079,,0.0,2514452,BoTorch,COMPLETED,40,5,0.02,0.04041637332678267,14.0,/tmp/data/trials/ThermalMixer_trial_2109f305
5,5_0,PowerConsumption,-5.98696e-06,,0.0,2514452,BoTorch,COMPLETED,40,5,0.02,0.04041637332678267,14.0,/tmp/data/trials/ThermalMixer_trial_2109f305
8,8_0,BladeDurability,0.00459239,,0.0,2515651,BoTorch,COMPLETED,23,5,0.019158844057922217,0.03862207449739564,8.059014465131172,/tmp/data/trials/ThermalMixer_trial_798774c4
8,8_0,MixingQuality,1.20762,,0.0,2515651,BoTorch,COMPLETED,23,5,0.019158844057922217,0.03862207449739564,8.059014465131172,/tmp/data/trials/ThermalMixer_trial_798774c4
8,8_0,PowerConsumption,-0.00111233,,0.0,2515651,BoTorch,COMPLETED,23,5,0.019158844057922217,0.03862207449739564,8.059014465131172,/tmp/data/trials/ThermalMixer_trial_798774c4
7,7_0,BladeDurability,0.00435336,,0.0,2515353,BoTorch,COMPLETED,30,5,0.01618118160048488,0.039901322627624435,4.918497947748303,/tmp/data/trials/ThermalMixer_trial_960d9e71
7,7_0,MixingQuality,1.20073,,0.0,2515353,BoTorch,COMPLETED,30,5,0.01618118160048488,0.039901322627624435,4.918497947748303,/tmp/data/trials/ThermalMixer_trial_960d9e71
7,7_0,PowerConsumption,-5.20003e-05,,0.0,2515353,BoTorch,COMPLETED,30,5,0.01618118160048488,0.039901322627624435,4.918497947748303,/tmp/data/trials/ThermalMixer_trial_960d9e71
9,9_0,BladeDurability,0.00401115,,0.0,2516938,BoTorch,COMPLETED,20,5,0.015106270194163642,0.03031921255677287,6.755465458824337,/tmp/data/trials/ThermalMixer_trial_16531e19
9,9_0,MixingQuality,1.26547,,0.0,2516938,BoTorch,COMPLETED,20,5,0.015106270194163642,0.03031921255677287,6.755465458824337,/tmp/data/trials/ThermalMixer_trial_16531e19
9,9_0,PowerConsumption,-0.000908114,,0.0,2516938,BoTorch,COMPLETED,20,5,0.015106270194163642,0.03031921255677287,6.755465458824337,/tmp/data/trials/ThermalMixer_trial_16531e19
10,10_0,BladeDurability,0.00379265,,0.0,2517762,BoTorch,COMPLETED,25,5,0.010476592987753443,0.03245840004942343,6.700411400898756,/tmp/data/trials/ThermalMixer_trial_1e1eca92
10,10_0,MixingQuality,1.21826,,0.0,2517762,BoTorch,COMPLETED,25,5,0.010476592987753443,0.03245840004942343,6.700411400898756,/tmp/data/trials/ThermalMixer_trial_1e1eca92
10,10_0,PowerConsumption,-0.00118493,,0.0,2517762,BoTorch,COMPLETED,25,5,0.010476592987753443,0.03245840004942343,6.700411400898756,/tmp/data/trials/ThermalMixer_trial_1e1eca92
11,11_0,BladeDurability,0.0035786,,0.0,2517897,BoTorch,COMPLETED,40,6,0.013377131056578404,0.03797918681448786,9.328204042586295,/tmp/data/trials/ThermalMixer_trial_092f39b4
11,11_0,MixingQuality,1.35844,,0.0,2517897,BoTorch,COMPLETED,40,6,0.013377131056578404,0.03797918681448786,9.328204042586295,/tmp/data/trials/ThermalMixer_trial_092f39b4
11,11_0,PowerConsumption,0.00228793,,0.0,2517897,BoTorch,COMPLETED,40,6,0.013377131056578404,0.03797918681448786,9.328204042586295,/tmp/data/trials/ThermalMixer_trial_092f39b4
12,12_0,BladeDurability,0.00389766,,0.0,2518294,BoTorch,COMPLETED,40,6,0.01571237376261174,0.04029047911783986,14.0,/tmp/data/trials/ThermalMixer_trial_d18b29f3
12,12_0,MixingQuality,1.07204,,0.0,2518294,BoTorch,COMPLETED,40,6,0.01571237376261174,0.04029047911783986,14.0,/tmp/data/trials/ThermalMixer_trial_d18b29f3
12,12_0,PowerConsumption,0.00269796,,0.0,2518294,BoTorch,COMPLETED,40,6,0.01571237376261174,0.04029047911783986,14.0,/tmp/data/trials/ThermalMixer_trial_d18b29f3
13,13_0,BladeDurability,0.00414293,,0.0,2519190,BoTorch,COMPLETED,34,5,0.013037281428675052,0.04081217526282335,8.149982243646985,/tmp/data/trials/ThermalMixer_trial_85ba973c
13,13_0,MixingQuality,1.37706,,0.0,2519190,BoTorch,COMPLETED,34,5,0.013037281428675052,0.04081217526282335,8.149982243646985,/tmp/data/trials/ThermalMixer_trial_85ba973c
13,13_0,PowerConsumption,-0.001669,,0.0,2519190,BoTorch,COMPLETED,34,5,0.013037281428675052,0.04081217526282335,8.149982243646985,/tmp/data/trials/ThermalMixer_trial_85ba973c
14,14_0,BladeDurability,0.00361234,,0.0,2520231,BoTorch,COMPLETED,24,5,0.01,0.03228098274948077,0.0,/tmp/data/trials/ThermalMixer_trial_a42a3631
14,14_0,MixingQuality,1.20374,,0.0,2520231,BoTorch,COMPLETED,24,5,0.01,0.03228098274948077,0.0,/tmp/data/trials/ThermalMixer_trial_a42a3631
14,14_0,PowerConsumption,1.06357e-06,,0.0,2520231,BoTorch,COMPLETED,24,5,0.01,0.03228098274948077,0.0,/tmp/data/trials/ThermalMixer_trial_a42a3631
15,15_0,BladeDurability,0.00402657,,0.0,2520993,BoTorch,COMPLETED,24,5,0.01033364762451305,0.0421967281953375,10.822138938373556,/tmp/data/trials/ThermalMixer_trial_6605f4f8
15,15_0,MixingQuality,1.22365,,0.0,2520993,BoTorch,COMPLETED,24,5,0.01033364762451305,0.0421967281953375,10.822138938373556,/tmp/data/trials/ThermalMixer_trial_6605f4f8
15,15_0,PowerConsumption,0.000361897,,0.0,2520993,BoTorch,COMPLETED,24,5,0.01033364762451305,0.0421967281953375,10.822138938373556,/tmp/data/trials/ThermalMixer_trial_6605f4f8
16,16_0,BladeDurability,0.00374635,,0.0,2521342,BoTorch,COMPLETED,23,5,0.01,0.042297610623796236,0.0,/tmp/data/trials/ThermalMixer_trial_221ab0ba
16,16_0,MixingQuality,1.19452,,0.0,2521342,BoTorch,COMPLETED,23,5,0.01,0.042297610623796236,0.0,/tmp/data/trials/ThermalMixer_trial_221ab0ba
16,16_0,PowerConsumption,1.30383e-06,,0.0,2521342,BoTorch,COMPLETED,23,5,0.01,0.042297610623796236,0.0,/tmp/data/trials/ThermalMixer_trial_221ab0ba
20,20_0,BladeDurability,0.0038392,,0.0,2523681,BoTorch,COMPLETED,18,5,0.01,0.036843345800604645,7.5990154005819495,/tmp/data/trials/ThermalMixer_trial_4aeb3241
20,20_0,MixingQuality,1.24515,,0.0,2523681,BoTorch,COMPLETED,18,5,0.01,0.036843345800604645,7.5990154005819495,/tmp/data/trials/ThermalMixer_trial_4aeb3241
20,20_0,PowerConsumption,-0.00089912,,0.0,2523681,BoTorch,COMPLETED,18,5,0.01,0.036843345800604645,7.5990154005819495,/tmp/data/trials/ThermalMixer_trial_4aeb3241
17,17_0,BladeDurability,0.00440077,,0.0,2522165,BoTorch,COMPLETED,38,5,0.018096905492167536,0.035696043771780456,8.345880312124969,/tmp/data/trials/ThermalMixer_trial_25e11fce
17,17_0,MixingQuality,0.933805,,0.0,2522165,BoTorch,COMPLETED,38,5,0.018096905492167536,0.035696043771780456,8.345880312124969,/tmp/data/trials/ThermalMixer_trial_25e11fce
17,17_0,PowerConsumption,-0.00180971,,0.0,2522165,BoTorch,COMPLETED,38,5,0.018096905492167536,0.035696043771780456,8.345880312124969,/tmp/data/trials/ThermalMixer_trial_25e11fce
18,18_0,BladeDurability,0.0045371,,0.0,2522861,BoTorch,COMPLETED,40,5,0.018528407736863366,0.038385546730170084,7.879438422550202,/tmp/data/trials/ThermalMixer_trial_d68a0d3c
18,18_0,MixingQuality,0.84812,,0.0,2522861,BoTorch,COMPLETED,40,5,0.018528407736863366,0.038385546730170084,7.879438422550202,/tmp/data/trials/ThermalMixer_trial_d68a0d3c
18,18_0,PowerConsumption,-0.00188097,,0.0,2522861,BoTorch,COMPLETED,40,5,0.018528407736863366,0.038385546730170084,7.879438422550202,/tmp/data/trials/ThermalMixer_trial_d68a0d3c
19,19_0,BladeDurability,0.00413008,,0.0,2523376,BoTorch,COMPLETED,39,5,0.016808766635033463,0.03178136255173525,7.774101822879144,/tmp/data/trials/ThermalMixer_trial_0e3528a1
19,19_0,MixingQuality,1.15313,,0.0,2523376,BoTorch,COMPLETED,39,5,0.016808766635033463,0.03178136255173525,7.774101822879144,/tmp/data/trials/ThermalMixer_trial_0e3528a1
19,19_0,PowerConsumption,-0.00189324,,0.0,2523376,BoTorch,COMPLETED,39,5,0.016808766635033463,0.03178136255173525,7.774101822879144,/tmp/data/trials/ThermalMixer_trial_0e3528a1
23,23_0,BladeDurability,0.00392764,,0.0,2526459,BoTorch,COMPLETED,24,5,0.011852911723583704,0.03562132459136941,7.558404367841631,/tmp/data/trials/ThermalMixer_trial_a08cd706
23,23_0,MixingQuality,1.20873,,0.0,2526459,BoTorch,COMPLETED,24,5,0.011852911723583704,0.03562132459136941,7.558404367841631,/tmp/data/trials/ThermalMixer_trial_a08cd706
23,23_0,PowerConsumption,-0.00120545,,0.0,2526459,BoTorch,COMPLETED,24,5,0.011852911723583704,0.03562132459136941,7.558404367841631,/tmp/data/trials/ThermalMixer_trial_a08cd706
22,22_0,BladeDurability,0.00424559,,0.0,2525674,BoTorch,COMPLETED,40,5,0.017777687598423183,0.033242190483131775,7.85871994170656,/tmp/data/trials/ThermalMixer_trial_8852e1c0
22,22_0,MixingQuality,0.992165,,0.0,2525674,BoTorch,COMPLETED,40,5,0.017777687598423183,0.033242190483131775,7.85871994170656,/tmp/data/trials/ThermalMixer_trial_8852e1c0
22,22_0,PowerConsumption,-0.00194889,,0.0,2525674,BoTorch,COMPLETED,40,5,0.017777687598423183,0.033242190483131775,7.85871994170656,/tmp/data/trials/ThermalMixer_trial_8852e1c0
21,21_0,BladeDurability,0.00378433,,0.0,2525356,BoTorch,COMPLETED,40,6,0.01798133880052311,0.038023351681800883,0.0,/tmp/data/trials/ThermalMixer_trial_79517e93
21,21_0,MixingQuality,0.995636,,0.0,2525356,BoTorch,COMPLETED,40,6,0.01798133880052311,0.038023351681800883,0.0,/tmp/data/trials/ThermalMixer_trial_79517e93
21,21_0,PowerConsumption,3.67617e-05,,0.0,2525356,BoTorch,COMPLETED,40,6,0.01798133880052311,0.038023351681800883,0.0,/tmp/data/trials/ThermalMixer_trial_79517e93
24,24_0,BladeDurability,0.00461362,,0.0,2526800,BoTorch,COMPLETED,40,5,0.019359712198363428,0.03901667480329058,8.09287349378361,/tmp/data/trials/ThermalMixer_trial_46d766c7
24,24_0,MixingQuality,0.79081,,0.0,2526800,BoTorch,COMPLETED,40,5,0.019359712198363428,0.03901667480329058,8.09287349378361,/tmp/data/trials/ThermalMixer_trial_46d766c7
24,24_0,PowerConsumption,-0.00188225,,0.0,2526800,BoTorch,COMPLETED,40,5,0.019359712198363428,0.03901667480329058,8.09287349378361,/tmp/data/trials/ThermalMixer_trial_46d766c7
25,25_0,BladeDurability,0.00320186,,0.0,2528651,BoTorch,COMPLETED,23,6,0.01,0.0364282046453836,0.0,/tmp/data/trials/ThermalMixer_trial_80d682d6
25,25_0,MixingQuality,1.18595,,0.0,2528651,BoTorch,COMPLETED,23,6,0.01,0.0364282046453836,0.0,/tmp/data/trials/ThermalMixer_trial_80d682d6
25,25_0,PowerConsumption,4.5087e-06,,0.0,2528651,BoTorch,COMPLETED,23,6,0.01,0.0364282046453836,0.0,/tmp/data/trials/ThermalMixer_trial_80d682d6
26,26_0,BladeDurability,0.0042937,,0.0,2528964,BoTorch,COMPLETED,40,5,0.02,0.03,7.954026995409391,/tmp/data/trials/ThermalMixer_trial_a5aa99bb
26,26_0,MixingQuality,0.921588,,0.0,2528964,BoTorch,COMPLETED,40,5,0.02,0.03,7.954026995409391,/tmp/data/trials/ThermalMixer_trial_a5aa99bb
26,26_0,PowerConsumption,-0.00190956,,0.0,2528964,BoTorch,COMPLETED,40,5,0.02,0.03,7.954026995409391,/tmp/data/trials/ThermalMixer_trial_a5aa99bb
27,27_0,BladeDurability,0.00442294,,0.0,2529354,BoTorch,COMPLETED,40,5,0.019959653662461527,0.03387793110093898,7.979200472590129,/tmp/data/trials/ThermalMixer_trial_ecb52087
27,27_0,MixingQuality,0.842557,,0.0,2529354,BoTorch,COMPLETED,40,5,0.019959653662461527,0.03387793110093898,7.979200472590129,/tmp/data/trials/ThermalMixer_trial_ecb52087
27,27_0,PowerConsumption,-0.00196044,,0.0,2529354,BoTorch,COMPLETED,40,5,0.019959653662461527,0.03387793110093898,7.979200472590129,/tmp/data/trials/ThermalMixer_trial_ecb52087
29,29_0,BladeDurability,0.00370505,,0.0,2531131,BoTorch,COMPLETED,40,5,0.01,0.03,7.487632233111763,/tmp/data/trials/ThermalMixer_trial_5f6ce3b9
29,29_0,MixingQuality,1.2499,,0.0,2531131,BoTorch,COMPLETED,40,5,0.01,0.03,7.487632233111763,/tmp/data/trials/ThermalMixer_trial_5f6ce3b9
29,29_0,PowerConsumption,-0.00203936,,0.0,2531131,BoTorch,COMPLETED,40,5,0.01,0.03,7.487632233111763,/tmp/data/trials/ThermalMixer_trial_5f6ce3b9
28,28_0,BladeDurability,0.00419524,,0.0,2530527,BoTorch,COMPLETED,40,5,0.018279172559416773,0.03,7.849796827642734,/tmp/data/trials/ThermalMixer_trial_98568ba1
28,28_0,MixingQuality,0.98613,,0.0,2530527,BoTorch,COMPLETED,40,5,0.018279172559416773,0.03,7.849796827642734,/tmp/data/trials/ThermalMixer_trial_98568ba1
28,28_0,PowerConsumption,-0.00190178,,0.0,2530527,BoTorch,COMPLETED,40,5,0.018279172559416773,0.03,7.849796827642734,/tmp/data/trials/ThermalMixer_trial_98568ba1
31,31_0,BladeDurability,0.00370447,,0.0,2532694,BoTorch,COMPLETED,23,5,0.01,0.03,7.42046366506643,/tmp/data/trials/ThermalMixer_trial_64796624
31,31_0,MixingQuality,1.22247,,0.0,2532694,BoTorch,COMPLETED,23,5,0.01,0.03,7.42046366506643,/tmp/data/trials/ThermalMixer_trial_64796624
31,31_0,PowerConsumption,-0.00117628,,0.0,2532694,BoTorch,COMPLETED,23,5,0.01,0.03,7.42046366506643,/tmp/data/trials/ThermalMixer_trial_64796624
30,30_0,BladeDurability,0.00432383,,0.0,2532237,BoTorch,COMPLETED,40,5,0.02,0.03189387076127889,7.724457962838864,/tmp/data/trials/ThermalMixer_trial_4e636f5c
30,30_0,MixingQuality,0.880776,,0.0,2532237,BoTorch,COMPLETED,40,5,0.02,0.03189387076127889,7.724457962838864,/tmp/data/trials/ThermalMixer_trial_4e636f5c
30,30_0,PowerConsumption,-0.0019255,,0.0,2532237,BoTorch,COMPLETED,40,5,0.02,0.03189387076127889,7.724457962838864,/tmp/data/trials/ThermalMixer_trial_4e636f5c
33,33_0,BladeDurability,0.00370332,,0.0,2534291,BoTorch,COMPLETED,10,5,0.01,0.03,7.2795778464743295,/tmp/data/trials/ThermalMixer_trial_a60656bb
33,33_0,MixingQuality,1.34752,,0.0,2534291,BoTorch,COMPLETED,10,5,0.01,0.03,7.2795778464743295,/tmp/data/trials/ThermalMixer_trial_a60656bb
33,33_0,PowerConsumption,-0.000498928,,0.0,2534291,BoTorch,COMPLETED,10,5,0.01,0.03,7.2795778464743295,/tmp/data/trials/ThermalMixer_trial_a60656bb
32,32_0,BladeDurability,0.00370427,,0.0,2533845,BoTorch,COMPLETED,31,5,0.01,0.03,7.454240764855908,/tmp/data/trials/ThermalMixer_trial_205f6025
32,32_0,MixingQuality,1.21589,,0.0,2533845,BoTorch,COMPLETED,31,5,0.01,0.03,7.454240764855908,/tmp/data/trials/ThermalMixer_trial_205f6025
32,32_0,PowerConsumption,-0.00157582,,0.0,2533845,BoTorch,COMPLETED,31,5,0.01,0.03,7.454240764855908,/tmp/data/trials/ThermalMixer_trial_205f6025
36,36_0,BladeDurability,0.00310209,,0.0,2539048,BoTorch,COMPLETED,10,6,0.01,0.03,0.0,/tmp/data/trials/ThermalMixer_trial_08f692f2
36,36_0,MixingQuality,1.3331,,0.0,2539048,BoTorch,COMPLETED,10,6,0.01,0.03,0.0,/tmp/data/trials/ThermalMixer_trial_08f692f2
36,36_0,PowerConsumption,2.10198e-07,,0.0,2539048,BoTorch,COMPLETED,10,6,0.01,0.03,0.0,/tmp/data/trials/ThermalMixer_trial_08f692f2
34,34_0,BladeDurability,0.00422654,,0.0,2536075,BoTorch,COMPLETED,40,5,0.01899923267649933,0.03,7.570860798943946,/tmp/data/trials/ThermalMixer_trial_fc3ec9b7
34,34_0,MixingQuality,0.957011,,0.0,2536075,BoTorch,COMPLETED,40,5,0.01899923267649933,0.03,7.570860798943946,/tmp/data/trials/ThermalMixer_trial_fc3ec9b7
34,34_0,PowerConsumption,-0.00200656,,0.0,2536075,BoTorch,COMPLETED,40,5,0.01899923267649933,0.03,7.570860798943946,/tmp/data/trials/ThermalMixer_trial_fc3ec9b7
37,37_0,BladeDurability,0.0040172,,0.0,2539547,BoTorch,COMPLETED,20,5,0.012572829818752906,0.03696101669980813,7.132062017032635,/tmp/data/trials/ThermalMixer_trial_69ab7c58
37,37_0,MixingQuality,1.21976,,0.0,2539547,BoTorch,COMPLETED,20,5,0.012572829818752906,0.03696101669980813,7.132062017032635,/tmp/data/trials/ThermalMixer_trial_69ab7c58
37,37_0,PowerConsumption,-0.000933365,,0.0,2539547,BoTorch,COMPLETED,20,5,0.012572829818752906,0.03696101669980813,7.132062017032635,/tmp/data/trials/ThermalMixer_trial_69ab7c58
35,35_0,BladeDurability,0.00395966,,0.0,2538295,BoTorch,COMPLETED,40,5,0.01,0.04231783331378968,7.762899959930828,/tmp/data/trials/ThermalMixer_trial_d24c57d1
35,35_0,MixingQuality,1.33198,,0.0,2538295,BoTorch,COMPLETED,40,5,0.01,0.04231783331378968,7.762899959930828,/tmp/data/trials/ThermalMixer_trial_d24c57d1
35,35_0,PowerConsumption,-0.00192269,,0.0,2538295,BoTorch,COMPLETED,40,5,0.01,0.04231783331378968,7.762899959930828,/tmp/data/trials/ThermalMixer_trial_d24c57d1
38,38_0,BladeDurability,0.00385376,,0.0,2541076,BoTorch,COMPLETED,19,5,0.012416781855146556,0.03,7.32054260559229,/tmp/data/trials/ThermalMixer_trial_6b20a078
38,38_0,MixingQuality,1.24324,,0.0,2541076,BoTorch,COMPLETED,19,5,0.012416781855146556,0.03,7.32054260559229,/tmp/data/trials/ThermalMixer_trial_6b20a078
38,38_0,PowerConsumption,-0.000962136,,0.0,2541076,BoTorch,COMPLETED,19,5,0.012416781855146556,0.03,7.32054260559229,/tmp/data/trials/ThermalMixer_trial_6b20a078
39,39_0,BladeDurability,0.004139,,0.0,2541550,BoTorch,COMPLETED,40,5,0.01,0.05,7.42511871225813,/tmp/data/trials/ThermalMixer_trial_d1296862
39,39_0,MixingQuality,1.36802,,0.0,2541550,BoTorch,COMPLETED,40,5,0.01,0.05,7.42511871225813,/tmp/data/trials/ThermalMixer_trial_d1296862
39,39_0,PowerConsumption,-0.00192152,,0.0,2541550,BoTorch,COMPLETED,40,5,0.01,0.05,7.42511871225813,/tmp/data/trials/ThermalMixer_trial_d1296862
40,40_0,BladeDurability,0.00413712,,0.0,2541854,BoTorch,COMPLETED,40,5,0.017440260977227794,0.03,7.056560054417837,/tmp/data/trials/ThermalMixer_trial_9bf27881
40,40_0,MixingQuality,1.08683,,0.0,2541854,BoTorch,COMPLETED,40,5,0.017440260977227794,0.03,7.056560054417837,/tmp/data/trials/ThermalMixer_trial_9bf27881
40,40_0,PowerConsumption,-0.00180547,,0.0,2541854,BoTorch,COMPLETED,40,5,0.017440260977227794,0.03,7.056560054417837,/tmp/data/trials/ThermalMixer_trial_9bf27881
41,41_0,BladeDurability,0.00370313,,0.0,2542608,BoTorch,COMPLETED,28,5,0.01,0.03,6.920503687476242,/tmp/data/trials/ThermalMixer_trial_3c7a3a13
41,41_0,MixingQuality,1.21884,,0.0,2542608,BoTorch,COMPLETED,28,5,0.01,0.03,6.920503687476242,/tmp/data/trials/ThermalMixer_trial_3c7a3a13
41,41_0,PowerConsumption,-0.0014247,,0.0,2542608,BoTorch,COMPLETED,28,5,0.01,0.03,6.920503687476242,/tmp/data/trials/ThermalMixer_trial_3c7a3a13
42,42_0,BladeDurability,0.004521,,0.0,2543703,BoTorch,COMPLETED,40,5,0.019625425097022035,0.03617056056952725,7.75036633222504,/tmp/data/trials/ThermalMixer_trial_90875602
42,42_0,MixingQuality,0.813408,,0.0,2543703,BoTorch,COMPLETED,40,5,0.019625425097022035,0.03617056056952725,7.75036633222504,/tmp/data/trials/ThermalMixer_trial_90875602
42,42_0,PowerConsumption,-0.00189264,,0.0,2543703,BoTorch,COMPLETED,40,5,0.019625425097022035,0.03617056056952725,7.75036633222504,/tmp/data/trials/ThermalMixer_trial_90875602
43,43_0,BladeDurability,0.00411533,,0.0,2544687,BoTorch,COMPLETED,40,5,0.016991601481016888,0.03,6.874565181065073,/tmp/data/trials/ThermalMixer_trial_5e4a2036
43,43_0,MixingQuality,1.08829,,0.0,2544687,BoTorch,COMPLETED,40,5,0.016991601481016888,0.03,6.874565181065073,/tmp/data/trials/ThermalMixer_trial_5e4a2036
43,43_0,PowerConsumption,-0.00177985,,0.0,2544687,BoTorch,COMPLETED,40,5,0.016991601481016888,0.03,6.874565181065073,/tmp/data/trials/ThermalMixer_trial_5e4a2036
44,44_0,BladeDurability,0.00416893,,0.0,2544826,BoTorch,COMPLETED,39,5,0.018047334850312582,0.03,6.6526432446851125,/tmp/data/trials/ThermalMixer_trial_5f8db14c
44,44_0,MixingQuality,1.04384,,0.0,2544826,BoTorch,COMPLETED,39,5,0.018047334850312582,0.03,6.6526432446851125,/tmp/data/trials/ThermalMixer_trial_5f8db14c
44,44_0,PowerConsumption,-0.00180045,,0.0,2544826,BoTorch,COMPLETED,39,5,0.018047334850312582,0.03,6.6526432446851125,/tmp/data/trials/ThermalMixer_trial_5f8db14c
45,45_0,BladeDurability,0.00349852,,0.0,2545323,BoTorch,COMPLETED,40,6,0.01766165357607973,0.031874538131455354,1.3115350639918346,/tmp/data/trials/ThermalMixer_trial_50446441
45,45_0,MixingQuality,1.05063,,0.0,2545323,BoTorch,COMPLETED,40,6,0.01766165357607973,0.031874538131455354,1.3115350639918346,/tmp/data/trials/ThermalMixer_trial_50446441
45,45_0,PowerConsumption,5.96784e-05,,0.0,2545323,BoTorch,COMPLETED,40,6,0.01766165357607973,0.031874538131455354,1.3115350639918346,/tmp/data/trials/ThermalMixer_trial_50446441
48,48_0,BladeDurability,0.00311681,,0.0,2548224,BoTorch,COMPLETED,25,6,0.01,0.03,1.3338603372388205,/tmp/data/trials/ThermalMixer_trial_3982e475
48,48_0,MixingQuality,1.18951,,0.0,2548224,BoTorch,COMPLETED,25,6,0.01,0.03,1.3338603372388205,/tmp/data/trials/ThermalMixer_trial_3982e475
48,48_0,PowerConsumption,-0.000554423,,0.0,2548224,BoTorch,COMPLETED,25,6,0.01,0.03,1.3338603372388205,/tmp/data/trials/ThermalMixer_trial_3982e475
46,46_0,BladeDurability,0.00427808,,0.0,2547173,BoTorch,COMPLETED,40,5,0.01933115790243467,0.031716233273500004,7.257299720586099,/tmp/data/trials/ThermalMixer_trial_40f16387
46,46_0,MixingQuality,0.914951,,0.0,2547173,BoTorch,COMPLETED,40,5,0.01933115790243467,0.031716233273500004,7.257299720586099,/tmp/data/trials/ThermalMixer_trial_40f16387
46,46_0,PowerConsumption,-0.00175849,,0.0,2547173,BoTorch,COMPLETED,40,5,0.01933115790243467,0.031716233273500004,7.257299720586099,/tmp/data/trials/ThermalMixer_trial_40f16387
47,47_0,BladeDurability,0.0039533,,0.0,2547873,BoTorch,COMPLETED,39,6,0.019644624533627766,0.03605324195215497,1.4290898305370712,/tmp/data/trials/ThermalMixer_trial_9e3dd419
47,47_0,MixingQuality,0.839369,,0.0,2547873,BoTorch,COMPLETED,39,6,0.019644624533627766,0.03605324195215497,1.4290898305370712,/tmp/data/trials/ThermalMixer_trial_9e3dd419
47,47_0,PowerConsumption,0.000278972,,0.0,2547873,BoTorch,COMPLETED,39,6,0.019644624533627766,0.03605324195215497,1.4290898305370712,/tmp/data/trials/ThermalMixer_trial_9e3dd419
50,50_0,BladeDurability,0.00375723,,0.0,2550298,BoTorch,COMPLETED,10,6,0.02,0.03,1.6903018178371199,/tmp/data/trials/ThermalMixer_trial_1c185a70
50,50_0,MixingQuality,1.24755,,0.0,2550298,BoTorch,COMPLETED,10,6,0.02,0.03,1.6903018178371199,/tmp/data/trials/ThermalMixer_trial_1c185a70
50,50_0,PowerConsumption,6.28951e-05,,0.0,2550298,BoTorch,COMPLETED,10,6,0.02,0.03,1.6903018178371199,/tmp/data/trials/ThermalMixer_trial_1c185a70
49,49_0,BladeDurability,0.00365874,,0.0,2549055,BoTorch,COMPLETED,40,6,0.019825787981819654,0.03,0.45737919172258296,/tmp/data/trials/ThermalMixer_trial_4e5d5b5f
49,49_0,MixingQuality,0.8901,,0.0,2549055,BoTorch,COMPLETED,40,6,0.019825787981819654,0.03,0.45737919172258296,/tmp/data/trials/ThermalMixer_trial_4e5d5b5f
49,49_0,PowerConsumption,2.71964e-05,,0.0,2549055,BoTorch,COMPLETED,40,6,0.019825787981819654,0.03,0.45737919172258296,/tmp/data/trials/ThermalMixer_trial_4e5d5b5f
51,51_0,BladeDurability,0.00352408,,0.0,2550790,BoTorch,COMPLETED,10,6,0.01,0.047986228132389175,1.7015148284823636,/tmp/data/trials/ThermalMixer_trial_baf438b7
51,51_0,MixingQuality,1.31526,,0.0,2550790,BoTorch,COMPLETED,10,6,0.01,0.047986228132389175,1.7015148284823636,/tmp/data/trials/ThermalMixer_trial_baf438b7
51,51_0,PowerConsumption,8.34845e-05,,0.0,2550790,BoTorch,COMPLETED,10,6,0.01,0.047986228132389175,1.7015148284823636,/tmp/data/trials/ThermalMixer_trial_baf438b7
52,52_0,BladeDurability,0.00339341,,0.0,2551580,BoTorch,COMPLETED,19,6,0.01,0.04085318573805707,1.252134416912057,/tmp/data/trials/ThermalMixer_trial_14b798ca
52,52_0,MixingQuality,1.20094,,0.0,2551580,BoTorch,COMPLETED,19,6,0.01,0.04085318573805707,1.252134416912057,/tmp/data/trials/ThermalMixer_trial_14b798ca
52,52_0,PowerConsumption,0.000107467,,0.0,2551580,BoTorch,COMPLETED,19,6,0.01,0.04085318573805707,1.252134416912057,/tmp/data/trials/ThermalMixer_trial_14b798ca
53,53_0,BladeDurability,0.00351046,,0.0,2552025,BoTorch,COMPLETED,39,6,0.01793905455965906,0.03,0.5681514974623552,/tmp/data/trials/ThermalMixer_trial_e30e3cab
53,53_0,MixingQuality,1.11278,,0.0,2552025,BoTorch,COMPLETED,39,6,0.01793905455965906,0.03,0.5681514974623552,/tmp/data/trials/ThermalMixer_trial_e30e3cab
53,53_0,PowerConsumption,-3.87948e-05,,0.0,2552025,BoTorch,COMPLETED,39,6,0.01793905455965906,0.03,0.5681514974623552,/tmp/data/trials/ThermalMixer_trial_e30e3cab
54,54_0,BladeDurability,0.00408875,,0.0,2552339,BoTorch,COMPLETED,40,5,0.016423548218295052,0.03,7.6276671224293935,/tmp/data/trials/ThermalMixer_trial_6a1e38c8
54,54_0,MixingQuality,1.14215,,0.0,2552339,BoTorch,COMPLETED,40,5,0.016423548218295052,0.03,7.6276671224293935,/tmp/data/trials/ThermalMixer_trial_6a1e38c8
54,54_0,PowerConsumption,-0.00193668,,0.0,2552339,BoTorch,COMPLETED,40,5,0.016423548218295052,0.03,7.6276671224293935,/tmp/data/trials/ThermalMixer_trial_6a1e38c8
55,55_0,BladeDurability,0.00456264,,0.0,2552840,BoTorch,COMPLETED,40,5,0.02,0.03759403733344852,7.86161168546963,/tmp/data/trials/ThermalMixer_trial_a19e3bc2
55,55_0,MixingQuality,0.78435,,0.0,2552840,BoTorch,COMPLETED,40,5,0.02,0.03759403733344852,7.86161168546963,/tmp/data/trials/ThermalMixer_trial_a19e3bc2
55,55_0,PowerConsumption,-0.0018652,,0.0,2552840,BoTorch,COMPLETED,40,5,0.02,0.03759403733344852,7.86161168546963,/tmp/data/trials/ThermalMixer_trial_a19e3bc2
56,56_0,BladeDurability,0.00351058,,0.0,2553931,BoTorch,COMPLETED,40,6,0.018550615464844523,0.03,0.0,/tmp/data/trials/ThermalMixer_trial_1dc676aa
56,56_0,MixingQuality,1.07054,,0.0,2553931,BoTorch,COMPLETED,40,6,0.018550615464844523,0.03,0.0,/tmp/data/trials/ThermalMixer_trial_1dc676aa
56,56_0,PowerConsumption,3.09825e-05,,0.0,2553931,BoTorch,COMPLETED,40,6,0.018550615464844523,0.03,0.0,/tmp/data/trials/ThermalMixer_trial_1dc676aa
57,57_0,BladeDurability,0.00317514,,0.0,2555497,BoTorch,COMPLETED,22,6,0.01,0.03,2.4487119184463304,/tmp/data/trials/ThermalMixer_trial_d43347c6
57,57_0,MixingQuality,1.20859,,0.0,2555497,BoTorch,COMPLETED,22,6,0.01,0.03,2.4487119184463304,/tmp/data/trials/ThermalMixer_trial_d43347c6
57,57_0,PowerConsumption,0.000289836,,0.0,2555497,BoTorch,COMPLETED,22,6,0.01,0.03,2.4487119184463304,/tmp/data/trials/ThermalMixer_trial_d43347c6
58,58_0,BladeDurability,0.00364744,,0.0,2555817,BoTorch,COMPLETED,40,6,0.019487364124346658,0.03,0.0,/tmp/data/trials/ThermalMixer_trial_4eb6bcb5
58,58_0,MixingQuality,0.911034,,0.0,2555817,BoTorch,COMPLETED,40,6,0.019487364124346658,0.03,0.0,/tmp/data/trials/ThermalMixer_trial_4eb6bcb5
58,58_0,PowerConsumption,4.14964e-05,,0.0,2555817,BoTorch,COMPLETED,40,6,0.019487364124346658,0.03,0.0,/tmp/data/trials/ThermalMixer_trial_4eb6bcb5
59,59_0,BladeDurability,0.00366696,,0.0,2556356,BoTorch,COMPLETED,40,6,0.02,0.03115412224310877,0.0,/tmp/data/trials/ThermalMixer_trial_6f5b9361
59,59_0,MixingQuality,0.885724,,0.0,2556356,BoTorch,COMPLETED,40,6,0.02,0.03115412224310877,0.0,/tmp/data/trials/ThermalMixer_trial_6f5b9361
59,59_0,PowerConsumption,4.10955e-05,,0.0,2556356,BoTorch,COMPLETED,40,6,0.02,0.03115412224310877,0.0,/tmp/data/trials/ThermalMixer_trial_6f5b9361
